Image_path,Condition
img_4538519.jpg,0
img_7766002.jpg,0
img_4637390.jpg,0
img_4516108.jpg,0
img_4517008.jpg,0
img_7766273.jpg,0
img_4638351.jpg,0
img_4635542.jpg,0
img_4638631.jpg,0
img_7767742.jpg,0
img_4538466.jpg,0
img_4536923.jpg,0
img_4636354.jpg,0
img_4537746.jpg,0
img_4635936.jpg,0
img_7765021.jpg,0
img_4535904.jpg,0
img_7768206.jpg,0
img_4537049.jpg,0
img_7765468.jpg,0
img_7766237.jpg,0
img_4515135.jpg,0
img_4635261.jpg,0
img_4637068.jpg,0
img_4514590.jpg,0
img_4635133.jpg,0
img_463748.jpg,0
img_7766331.jpg,0
img_4514655.jpg,0
img_4536950.jpg,0
img_4536549.jpg,0
img_4514735.jpg,0
img_7767203.jpg,0
img_4517736.jpg,0
img_4534656.jpg,0
img_4517740.jpg,0
img_4518809.jpg,0
img_4517821.jpg,0
img_4516858.jpg,0
img_7764732.jpg,0
img_4636184.jpg,0
img_7767002.jpg,0
img_4637472.jpg,0
img_4516753.jpg,0
img_4634792.jpg,0
img_4515657.jpg,0
img_7766905.jpg,0
img_4536355.jpg,0
img_4637676.jpg,0
img_4634803.jpg,0
img_7767143.jpg,0
img_4518771.jpg,0
img_4638860.jpg,0
img_7768900.jpg,0
img_7768692.jpg,0
img_4536432.jpg,0
img_4536161.jpg,0
img_4637563.jpg,0
img_4535791.jpg,0
img_4538967.jpg,0
img_4517487.jpg,0
img_4515573.jpg,0
img_4515070.jpg,0
img_4518530.jpg,0
img_4514068.jpg,0
img_4518304.jpg,0
img_4535599.jpg,0
img_4538111.jpg,0
img_4535651.jpg,0
img_4637461.jpg,0
img_4518886.jpg,0
img_4536909.jpg,0
img_4535915.jpg,0
img_4537227.jpg,0
img_4635685.jpg,0
img_4634881.jpg,0
img_4515270.jpg,0
img_7765839.jpg,0
img_4514817.jpg,0
img_7764892.jpg,0
img_4537277.jpg,0
img_4512558.jpg,0
img_4638104.jpg,0
img_4535355.jpg,0
img_4538666.jpg,0
img_4517413.jpg,0
img_4516169.jpg,0
img_4638838.jpg,0
img_4635349.jpg,0
img_4516955.jpg,0
img_7761193.jpg,0
img_7768453.jpg,0
img_4535907.jpg,0
img_4638039.jpg,0
img_4635251.jpg,0
img_4517890.jpg,0
img_4635924.jpg,0
img_4536852.jpg,0
img_4635438.jpg,0
img_4533213.jpg,0
img_4535221.jpg,0
img_7764900.jpg,0
img_4516850.jpg,0
img_4518869.jpg,0
img_7768651.jpg,0
img_4535339.jpg,0
img_4517898.jpg,0
img_4538715.jpg,0
img_4515174.jpg,0
img_4637198.jpg,0
img_4517885.jpg,0
img_4517850.jpg,0
img_7767318.jpg,0
img_4534644.jpg,0
img_7766077.jpg,0
img_7767411.jpg,0
img_4535121.jpg,0
img_4638027.jpg,0
img_7767723.jpg,0
img_4635199.jpg,0
img_4638997.jpg,0
img_7764739.jpg,0
img_4536645.jpg,0
img_4637824.jpg,0
img_4638579.jpg,0
img_7766084.jpg,0
img_4638188.jpg,0
img_4515748.jpg,0
img_4514549.jpg,0
img_4637094.jpg,0
img_4514780.jpg,0
img_4518865.jpg,0
img_4537562.jpg,0
img_4538693.jpg,0
img_4516634.jpg,0
img_4636150.jpg,0
img_7766145.jpg,0
img_4518894.jpg,0
img_4516401.jpg,0
img_7766079.jpg,0
img_4536768.jpg,0
img_4517518.jpg,0
img_4537892.jpg,0
img_4515118.jpg,0
img_4635893.jpg,0
img_4518607.jpg,0
img_4517801.jpg,0
img_7766767.jpg,0
img_4517211.jpg,0
img_4638748.jpg,0
img_4534645.jpg,0
img_7767522.jpg,0
img_7767014.jpg,0
img_7766300.jpg,0
img_4638881.jpg,0
img_4516580.jpg,0
img_7768772.jpg,0
img_4514678.jpg,0
img_4536298.jpg,0
img_4515064.jpg,0
img_4513264.jpg,0
img_4538436.jpg,0
img_7768114.jpg,0
img_4517243.jpg,0
img_4635397.jpg,0
img_4635974.jpg,0
img_4535476.jpg,0
img_4537937.jpg,0
img_7765275.jpg,0
img_4636672.jpg,0
img_4634770.jpg,0
img_4535770.jpg,0
img_4636393.jpg,0
img_4517302.jpg,0
img_4518497.jpg,0
img_4537656.jpg,0
img_4538137.jpg,0
img_7765918.jpg,0
img_4515125.jpg,0
img_4638108.jpg,0
img_4637497.jpg,0
img_4518403.jpg,0
img_7768298.jpg,0
img_7764789.jpg,0
img_4518968.jpg,0
img_4517953.jpg,0
img_4515887.jpg,0
img_4517789.jpg,0
img_4634659.jpg,0
img_7767108.jpg,0
img_4635077.jpg,0
img_4637144.jpg,0
img_4531957.jpg,0
img_4514616.jpg,0
img_4637851.jpg,0
img_4515960.jpg,0
img_7766617.jpg,0
img_7765146.jpg,0
img_7765490.jpg,0
img_4537273.jpg,0
img_4636031.jpg,0
img_4536935.jpg,0
img_4536191.jpg,0
img_4516965.jpg,0
img_4538064.jpg,0
img_7761017.jpg,0
img_4534790.jpg,0
img_4631277.jpg,0
img_4518922.jpg,0
img_7768553.jpg,0
img_4535461.jpg,0
img_4534909.jpg,0
img_4638582.jpg,0
img_4535023.jpg,0
img_4634896.jpg,0
img_4514575.jpg,0
img_4531081.jpg,0
img_4515321.jpg,0
img_4637606.jpg,0
img_4516267.jpg,0
img_7768671.jpg,0
img_4536115.jpg,0
img_4634923.jpg,0
img_4538597.jpg,0
img_4538775.jpg,0
img_4515055.jpg,0
img_4516574.jpg,0
img_4638919.jpg,0
img_4537816.jpg,0
img_4516049.jpg,0
img_4534774.jpg,0
img_4636914.jpg,0
img_4516908.jpg,0
img_4634562.jpg,0
img_4516656.jpg,0
img_4518287.jpg,0
img_4534805.jpg,0
img_4637823.jpg,0
img_4538038.jpg,0
img_4536436.jpg,0
img_7768096.jpg,0
img_7764950.jpg,0
img_4637467.jpg,0
img_7766790.jpg,0
img_4537593.jpg,0
img_7768080.jpg,0
img_7766773.jpg,0
img_4537224.jpg,0
img_4537618.jpg,0
img_4636093.jpg,0
img_4538077.jpg,0
img_4538061.jpg,0
img_7768193.jpg,0
img_4537800.jpg,0
img_4636927.jpg,0
img_7765660.jpg,0
img_7766815.jpg,0
img_4637870.jpg,0
img_7764924.jpg,0
img_4517848.jpg,0
img_4514978.jpg,0
img_4517462.jpg,0
img_4516233.jpg,0
img_4634996.jpg,0
img_4636148.jpg,0
img_4518913.jpg,0
img_4517235.jpg,0
img_4513036.jpg,0
img_4518134.jpg,0
img_4536732.jpg,0
img_4518675.jpg,0
img_4638679.jpg,0
img_7764808.jpg,0
img_4535417.jpg,0
img_7767907.jpg,0
img_7768273.jpg,0
img_4518148.jpg,0
img_7768444.jpg,0
img_7768744.jpg,0
img_4514756.jpg,0
img_7766185.jpg,0
img_4536651.jpg,0
img_4536042.jpg,0
img_4638220.jpg,0
img_4636475.jpg,0
img_4638928.jpg,0
img_4635874.jpg,0
img_7767469.jpg,0
img_4516561.jpg,0
img_4631979.jpg,0
img_4637733.jpg,0
img_4537966.jpg,0
img_4637059.jpg,0
img_4514766.jpg,0
img_4537879.jpg,0
img_4538964.jpg,0
img_776833.jpg,0
img_4518702.jpg,0
img_4636467.jpg,0
img_7764155.jpg,0
img_4518462.jpg,0
img_4518646.jpg,0
img_4634541.jpg,0
img_7761100.jpg,0
img_4637295.jpg,0
img_7765590.jpg,0
img_4535948.jpg,0
img_4518833.jpg,0
img_4517832.jpg,0
img_4635872.jpg,0
img_4638649.jpg,0
img_4537419.jpg,0
img_4534540.jpg,0
img_4636265.jpg,0
img_4635499.jpg,0
img_4637225.jpg,0
img_7768426.jpg,0
img_4638977.jpg,0
img_4515597.jpg,0
img_4537572.jpg,0
img_4534963.jpg,0
img_4537726.jpg,0
img_453909.jpg,0
img_4515648.jpg,0
img_4515658.jpg,0
img_4513365.jpg,0
img_4634795.jpg,0
img_4636517.jpg,0
img_4538999.jpg,0
img_7766765.jpg,0
img_4538788.jpg,0
img_4536940.jpg,0
img_4638173.jpg,0
img_7767553.jpg,0
img_7764573.jpg,0
img_4534773.jpg,0
img_7767825.jpg,0
img_4518704.jpg,0
img_4537760.jpg,0
img_4515453.jpg,0
img_4516771.jpg,0
img_4537582.jpg,0
img_4515309.jpg,0
img_4636211.jpg,0
img_7766760.jpg,0
img_4517485.jpg,0
img_4513546.jpg,0
img_4638650.jpg,0
img_4534552.jpg,0
img_7767043.jpg,0
img_4534450.jpg,0
img_4637435.jpg,0
img_7765927.jpg,0
img_4535767.jpg,0
img_4517525.jpg,0
img_4638840.jpg,0
img_4518844.jpg,0
img_7766855.jpg,0
img_4515956.jpg,0
img_7767293.jpg,0
img_4536434.jpg,0
img_7766629.jpg,0
img_4632896.jpg,0
img_7765022.jpg,0
img_4636931.jpg,0
img_4517181.jpg,0
img_4536254.jpg,0
img_4635375.jpg,0
img_4634711.jpg,0
img_4634687.jpg,0
img_4518855.jpg,0
img_4531034.jpg,0
img_7766344.jpg,0
img_4536861.jpg,0
img_7768980.jpg,0
img_4517724.jpg,0
img_4515804.jpg,0
img_4516591.jpg,0
img_7767866.jpg,0
img_4538423.jpg,0
img_7767549.jpg,0
img_4516460.jpg,0
img_4635749.jpg,0
img_7764705.jpg,0
img_4536283.jpg,0
img_4515991.jpg,0
img_4515344.jpg,0
img_4517942.jpg,0
img_4635249.jpg,0
img_4635046.jpg,0
img_4515624.jpg,0
img_4515072.jpg,0
img_4637585.jpg,0
img_7765019.jpg,0
img_4537793.jpg,0
img_4634746.jpg,0
img_4516423.jpg,0
img_7768156.jpg,0
img_4637439.jpg,0
img_4537893.jpg,0
img_4635613.jpg,0
img_7764637.jpg,0
img_4535208.jpg,0
img_7764876.jpg,0
img_7765827.jpg,0
img_4537935.jpg,0
img_4637988.jpg,0
img_4635662.jpg,0
img_7767696.jpg,0
img_4634650.jpg,0
img_4638828.jpg,0
img_4514542.jpg,0
img_4515480.jpg,0
img_4516550.jpg,0
img_4534851.jpg,0
img_4518138.jpg,0
img_4637754.jpg,0
img_7767967.jpg,0
img_4517653.jpg,0
img_4535045.jpg,0
img_4537172.jpg,0
img_4517876.jpg,0
img_7764949.jpg,0
img_4538756.jpg,0
img_4638548.jpg,0
img_4638926.jpg,0
img_463980.jpg,0
img_4537799.jpg,0
img_4518783.jpg,0
img_4635110.jpg,0
img_4531410.jpg,0
img_4514968.jpg,0
img_7767917.jpg,0
img_4637223.jpg,0
img_4535639.jpg,0
img_4538792.jpg,0
img_4516295.jpg,0
img_4537410.jpg,0
img_7767718.jpg,0
img_7767577.jpg,0
img_4637236.jpg,0
img_776870.jpg,0
img_4635644.jpg,0
img_4635704.jpg,0
img_7765052.jpg,0
img_4536560.jpg,0
img_4538263.jpg,0
img_4635526.jpg,0
img_4515452.jpg,0
img_4536201.jpg,0
img_4515747.jpg,0
img_7765323.jpg,0
img_4535473.jpg,0
img_4536922.jpg,0
img_4534994.jpg,0
img_7768021.jpg,0
img_4515266.jpg,0
img_4515192.jpg,0
img_4517777.jpg,0
img_7765122.jpg,0
img_4534730.jpg,0
img_4536440.jpg,0
img_4636498.jpg,0
img_7768031.jpg,0
img_4636755.jpg,0
img_4517648.jpg,0
img_4634701.jpg,0
img_4634937.jpg,0
img_4635760.jpg,0
img_4516471.jpg,0
img_4638737.jpg,0
img_7765900.jpg,0
img_4517258.jpg,0
img_4535928.jpg,0
img_4637734.jpg,0
img_4638427.jpg,0
img_4535332.jpg,0
img_7766234.jpg,0
img_4518419.jpg,0
img_4635439.jpg,0
img_4517587.jpg,0
img_4638495.jpg,0
img_4638893.jpg,0
img_7766682.jpg,0
img_4518885.jpg,0
img_4515510.jpg,0
img_4637082.jpg,0
img_4534691.jpg,0
img_4537997.jpg,0
img_4637169.jpg,0
img_4638979.jpg,0
img_4537550.jpg,0
img_4635514.jpg,0
img_4536971.jpg,0
img_4516576.jpg,0
img_7766175.jpg,0
img_7767709.jpg,0
img_4514597.jpg,0
img_4517615.jpg,0
img_4538197.jpg,0
img_4634976.jpg,0
img_4511084.jpg,0
img_7765026.jpg,0
img_4535539.jpg,0
img_4518393.jpg,0
img_7766376.jpg,0
img_4517285.jpg,0
img_4514729.jpg,0
img_4514895.jpg,0
img_4518899.jpg,0
img_7767362.jpg,0
img_7766368.jpg,0
img_4536504.jpg,0
img_4514631.jpg,0
img_4634760.jpg,0
img_7765608.jpg,0
img_4516069.jpg,0
img_4537325.jpg,0
img_7765151.jpg,0
img_4538880.jpg,0
img_4638785.jpg,0
img_4636193.jpg,0
img_4516144.jpg,0
img_4517748.jpg,0
img_7766942.jpg,0
img_4636322.jpg,0
img_7765201.jpg,0
img_4517576.jpg,0
img_4537252.jpg,0
img_4534953.jpg,0
img_4515917.jpg,0
img_7764618.jpg,0
img_4518998.jpg,0
img_4535810.jpg,0
img_4635111.jpg,0
img_4518087.jpg,0
img_4515961.jpg,0
img_46356.jpg,0
img_7766529.jpg,0
img_4635783.jpg,0
img_7768124.jpg,0
img_4632756.jpg,0
img_7765423.jpg,0
img_7765136.jpg,0
img_4636323.jpg,0
img_7768240.jpg,0
img_4515912.jpg,0
img_4518314.jpg,0
img_4536357.jpg,0
img_4537165.jpg,0
img_4535187.jpg,0
img_7766840.jpg,0
img_4514536.jpg,0
img_4516223.jpg,0
img_4638685.jpg,0
img_7765828.jpg,0
img_4538249.jpg,0
img_4516086.jpg,0
img_4636900.jpg,0
img_4634997.jpg,0
img_4518730.jpg,0
img_7766817.jpg,0
img_4517033.jpg,0
img_4637908.jpg,0
img_4635067.jpg,0
img_4637348.jpg,0
img_4537381.jpg,0
img_4518272.jpg,0
img_4637829.jpg,0
img_4636345.jpg,0
img_7765847.jpg,0
img_7765725.jpg,0
img_463339.jpg,0
img_7764853.jpg,0
img_4534617.jpg,0
img_4534818.jpg,0
img_7762330.jpg,0
img_4536592.jpg,0
img_4515886.jpg,0
img_4636410.jpg,0
img_4538569.jpg,0
img_7767085.jpg,0
img_4535630.jpg,0
img_4537730.jpg,0
img_4637621.jpg,0
img_4517819.jpg,0
img_4536633.jpg,0
img_7767022.jpg,0
img_4538822.jpg,0
img_4538654.jpg,0
img_7764741.jpg,0
img_4514813.jpg,0
img_4536061.jpg,0
img_4535346.jpg,0
img_4635252.jpg,0
img_7766518.jpg,0
img_4535713.jpg,0
img_4511787.jpg,0
img_4517592.jpg,0
img_4635378.jpg,0
